AAV2020;CS6;CS2;CS3;CS5
BAL;13820.71;2474.42;8912.65;13120.79
CHA;54.29;15.12;20.13;9.53
GEN;40785.18;12940.25;40178.61;58402.38
LAU;1118.85;336.47;1093.03;1771.33
LUX;31555.46;5767.77;17952.16;42516.29
MON;5386.47;2274.99;4210.04;11402.47
SAR;4314.57;604.55;1385.94;3949.16
1;761203.54;317625.71;1833140.14;1434286.41
2;155566.39;66047.68;255323.80;237974.24
3;110014.17;54532.50;158879.81;202646.11
4;109382.38;31080.26;146923.13;162199.79
5;91258.02;41862.49;187168.15;156039.57
6;97791.21;46405.81;139532.26;158340.14
8;76938.06;27012.33;117335.88;109565.56
9A1;17027.44;11814.86;12768.42;33878.10
9A2;2273.14;1096.87;1722.17;5285.33
9A3;370.43;202.67;215.49;747.88
9B1;21461.35;10618.42;14849.65;42572.18
9B2;601.10;136.31;84.29;665.06
9B3;669.68;93.08;68.64;654.84
9C1;8232.29;3860.99;6703.99;15397.71
9C2;2773.75;417.98;975.00;2665.10
9C3;1625.29;456.21;1273.95;2844.61
9D1;16631.96;7198.76;15250.43;34697.80
9D2;12511.76;6011.78;6928.87;23408.96
9D3;2401.22;462.74;322.64;3342.25
9D4;10472.57;4568.94;8700.42;17737.84
9D5;3419.44;1000.36;921.71;5370.80
9D6;2979.82;993.73;818.05;5017.19
9D7;494.47;120.60;55.80;535.35
10;73616.61;20498.99;79703.84;93681.21
12;44527.06;28247.43;75624.66;84282.55
13;61481.50;18350.66;81777.53;84178.86
14;47619.00;18859.49;80691.48;74506.97
15;60104.20;14755.92;50641.31;77211.45
17;37349.90;23446.87;48120.02;74533.82
18;34181.11;19775.89;32483.18;69484.72
19;40449.75;12926.34;39944.39;58569.60
20;35482.70;11107.57;38962.82;58074.08
22;39370.97;13017.46;42896.10;55017.09
23;43931.36;13211.44;28464.35;51800.27
24;39798.24;12273.51;33696.04;54157.88
25;41109.66;10638.52;36932.52;50182.38
26;38169.87;11482.70;34172.07;49543.09
28;33859.43;10432.20;33248.36;46492.90
29;41858.54;9059.03;22976.45;43749.39
30;27095.29;14100.23;17006.41;44147.74
31;22803.30;17856.84;32107.18;43845.70
32;28532.48;8264.31;29929.59;42609.14
33;30098.10;8570.09;29816.12;44351.84
34;33930.77;7876.41;22157.47;42474.11
35;29948.69;6737.87;23407.16;39091.06
36;29019.74;8600.11;26246.95;39134.29
37;23468.00;11267.40;18779.59;39388.56
38;32067.52;5684.32;15635.17;33885.59
39;30742.86;5924.06;16962.12;36357.30
40;26339.18;11961.42;20399.59;35516.72
41;25099.27;8128.66;19542.96;35301.15
42;33393.73;5123.49;10212.87;35720.55
43;25744.55;10771.14;28584.04;33323.16
44;20408.86;8315.75;20711.98;31239.45
45;22706.54;6909.63;21668.55;31227.27
46;19512.84;6517.18;21003.86;35211.69
47;20742.73;11586.59;18983.20;33879.96
48;25279.33;4583.17;11085.86;28406.89
49;22022.30;7628.63;17638.88;27843.04
50;20431.80;7937.79;21416.58;28357.60
51;17463.99;8690.45;16734.09;27088.37
52;21385.31;7270.07;13444.04;24844.61
53;19427.51;6604.74;13539.55;24380.34
54;19548.11;5231.17;11083.21;24164.16
55;21303.31;5915.00;12716.70;23132.74
56;18558.54;5651.42;10753.43;22128.86
57;16224.54;6586.29;13622.55;22930.50
58;21079.08;5084.13;12739.26;23411.99
59;19838.83;3315.67;7872.96;21480.88
60;13555.77;6968.73;7247.23;20784.35
61;21204.37;3512.77;8099.74;16477.49
62;15694.51;4944.35;10417.73;20798.68
63;15321.69;4488.85;14164.43;22131.81
64;14941.31;3835.06;9929.21;20499.29
65;16306.50;3877.14;11818.68;19393.70
66;19687.21;4398.33;8884.45;20303.02
67;24761.61;4484.13;8431.17;17903.48
68;16410.94;3495.19;6787.54;18610.38
69;13702.96;3183.02;11348.28;17521.81
70;15878.92;4304.62;7908.55;17230.08
71;14841.26;2980.45;9867.10;18414.93
72;11046.19;5390.18;5676.84;15716.49
73;13765.67;2719.12;5114.92;17994.22
74;12908.18;3747.86;8934.47;15522.83
75;16381.45;3286.15;8171.42;15845.44
76;14686.39;3406.37;7414.45;15875.39
77;13670.48;2130.97;3947.75;14127.99
78;12972.08;3180.98;10777.76;14731.59
79;13626.04;4205.43;5961.93;15049.69
80;14271.06;4078.67;7301.75;15418.80
81;11481.31;4276.22;7376.53;16485.22
82;9472.89;4337.92;7117.60;14968.70
83;13047.23;3067.91;7810.31;16048.90
84;14773.35;4290.27;7464.38;15500.33
85;10111.68;3889.43;6090.66;16722.18
86;11583.93;2950.91;9979.25;13664.60
87;12231.76;4376.71;6431.25;15218.91
88;10560.52;5093.04;7233.06;15678.07
89;9053.80;4881.38;4244.85;13405.05
90;12415.75;2750.16;4855.41;14177.23
91;8334.29;4127.47;5295.04;15174.51
92;7531.14;5698.08;5880.97;14292.18
93;10134.81;3749.12;6592.77;14501.76
94;11432.11;2199.39;4778.80;12449.33
95;11004.99;3142.55;5877.44;13706.14
96;13815.68;2685.18;4412.37;12664.83
97;9713.62;2327.48;5060.27;12105.36
98;8730.86;4227.58;5979.61;16822.32
100;10688.60;2674.95;5082.93;13315.86
101;9322.94;3748.33;5755.80;14469.05
102;10560.07;2884.50;5420.19;12779.97
103;9483.94;3879.61;6110.49;12282.90
104;8551.87;4828.91;4997.49;14712.99
105;8485.27;3683.21;4508.76;12193.02
106;9300.25;2692.43;4814.74;13026.32
107;9097.77;3133.91;5255.48;10363.65
108;9656.11;1969.56;4078.15;9562.19
109;7476.76;2103.18;3276.60;10530.71
110;8199.62;2588.73;3715.68;9487.41
111;8781.45;3210.57;3910.86;10913.36
112;8211.49;1845.47;4536.19;10681.42
113;5843.55;2716.27;5513.11;8038.75
114;8356.73;2078.17;3483.01;9104.30
115;6890.14;2666.90;3522.99;10029.70
116;7330.90;1927.50;3425.08;9038.66
117;8967.32;1864.63;3034.63;8093.50
118;8319.39;2103.79;3753.21;8868.48
119;5767.05;2809.90;3679.98;9721.34
120;6744.78;2772.14;3920.67;9273.16
121;8876.24;1607.46;3612.03;8726.27
122;6819.46;1707.68;3021.29;9410.38
123;6806.37;2544.39;3263.15;9630.80
124;8798.83;1994.56;3256.10;8779.91
125;6606.26;1561.67;4157.08;8848.43
126;5171.52;3419.35;3531.88;9373.20
127;9705.22;1764.29;4580.60;10276.77
128;7305.87;1661.23;3160.47;7690.33
129;5845.87;2792.04;2477.67;7971.38
130;6634.39;1826.22;3135.47;7498.02
131;4198.37;3267.57;2302.78;7253.96
132;7539.82;2028.54;3294.40;7714.68
133;7379.25;1966.29;2924.44;7469.90
134;6908.98;1807.50;3281.39;7552.33
135;5142.95;1917.86;5690.89;7669.90
136;6396.16;1214.42;2728.72;7564.47
137;5205.46;2532.28;4499.53;6740.68
138;7426.52;1653.91;2516.70;7246.81
139;5568.55;3046.94;3384.29;7509.57
140;5519.11;2121.11;2903.82;8864.55
141;6296.84;2153.25;3456.27;6878.43
142;6519.59;1796.45;2396.57;6444.71
143;4808.49;2653.73;2672.59;7498.72
144;7341.14;1464.83;3517.16;5915.39
145;4947.50;1961.76;3295.13;7377.04
146;6117.75;1230.05;1991.53;7359.78
147;7343.80;1809.16;2635.43;6407.09
148;5383.14;2786.84;2584.51;6201.38
149;5409.48;1868.67;2883.55;6548.48
150;4411.34;2077.89;3140.72;5962.13
151;5968.65;1912.97;4064.67;7918.18
152;7002.37;1647.67;2926.65;5972.60
153;4275.77;2147.74;2888.26;6527.59
154;5061.33;1962.51;1815.48;5994.98
155;8618.08;1765.90;3144.23;7342.22
156;6889.14;882.23;1329.54;6122.57
157;6873.92;1441.15;2626.54;5650.96
158;6843.21;1359.64;4010.21;6144.75
159;5345.28;1816.50;2727.55;5856.98
160;5886.54;1185.49;2423.33;7269.39
161;6744.54;1652.30;2505.44;5850.07
162;6028.27;1685.82;2074.93;6591.32
163;8964.23;1893.17;2383.65;5342.48
164;5522.92;1291.60;2023.41;6229.11
165;4568.20;1966.13;2427.46;6249.20
166;2826.50;2552.22;1528.65;5225.85
167;6242.58;1877.21;2752.84;6226.38
168;8065.81;1598.31;2220.67;4406.43
169;7975.66;1355.42;2711.30;5823.99
170;6304.10;1152.12;2173.20;6340.82
171;6404.46;1242.42;1664.37;5090.14
172;6179.04;1314.13;1923.69;5113.67
173;9129.57;1321.10;2303.25;5426.13
174;5607.04;2135.46;2846.67;5576.75
175;5271.78;1570.49;1777.37;5450.01
176;4722.22;1013.88;1479.70;5053.47
177;5026.69;1125.32;2077.47;5236.53
178;5311.21;1029.84;2127.57;4973.61
179;3692.66;1251.26;1916.66;5655.68
180;6269.21;1771.02;1682.13;5453.66
181;7325.80;1258.88;2178.31;5741.60
182;4462.09;1222.77;2508.10;5008.89
183;4300.32;992.49;1902.82;4735.52
184;6200.63;841.46;1771.75;6535.15
185;3949.64;1327.78;2619.35;4276.72
186;3721.26;1583.33;1986.05;5027.58
187;4756.52;1552.98;2542.55;5420.23
188;5497.11;1377.76;1988.49;4731.86
189;6920.05;1313.00;1741.28;4340.85
190;4194.62;1446.67;2260.86;4151.85
191;8192.49;905.75;1584.47;4447.68
192;4502.22;1774.07;1609.75;4646.01
193;4417.69;1056.43;1756.27;5876.59
194;5075.47;1257.66;1730.79;5443.99
195;3266.99;1518.74;1635.82;4976.15
196;4667.40;1036.89;1653.60;4052.72
197;4360.88;737.33;1448.93;4359.69
198;5886.45;1144.20;1424.40;4436.23
199;3641.90;1505.38;1891.54;5990.45
200;2371.29;1275.11;2041.04;4104.28
201;4442.11;1664.25;2061.53;3891.53
202;7250.56;1392.03;2457.61;4710.94
203;4605.74;1413.58;1363.74;4660.13
204;4749.94;1057.33;1367.18;4684.34
205;4388.38;1509.41;1711.23;4448.94
206;3049.57;1082.95;1530.78;5322.38
207;4940.69;1036.86;1431.87;4309.43
208;3727.33;880.48;1278.92;4080.57
209;4414.25;952.97;1644.32;4312.11
210;3995.75;1305.52;1711.32;4376.04
211;1947.43;1437.78;2116.59;4120.96
212;7046.84;1251.17;1326.27;4859.22
213;3121.79;1524.31;1396.86;4032.35
214;3909.44;1131.69;1585.89;3725.93
215;3621.46;995.83;1293.35;3934.94
216;3955.64;756.15;1006.47;3808.19
217;5285.28;908.30;1100.37;3885.28
218;4211.67;763.77;1097.57;3668.01
219;4428.82;811.86;1312.27;3670.34
220;3364.18;817.68;1232.16;3781.31
221;3903.34;632.33;832.54;4067.34
222;3224.36;1061.14;1172.00;3454.69
223;3607.68;778.24;1109.43;3552.65
224;3108.36;1269.33;1457.40;4189.17
225;4017.27;1192.19;1051.52;3401.82
226;2940.60;1257.03;1940.66;3413.42
227;5080.37;827.50;1125.01;3252.59
228;4722.19;842.14;1044.77;3470.00
229;5354.70;635.39;749.55;3278.80
230;3312.48;1028.70;1226.22;3542.26
231;2724.08;1547.01;2004.42;3602.75
232;3906.51;641.29;835.22;3220.49
233;2609.29;1884.85;1053.20;3473.32
234;3499.58;911.35;1463.34;3479.25
235;2235.37;891.29;1172.95;3825.99
236;3364.11;753.98;1381.98;3719.81
237;4110.34;963.33;1338.68;3473.20
238;2356.35;1683.10;1383.01;3953.33
239;2832.23;994.24;1270.03;3117.52
240;3475.37;952.88;1319.13;3342.63
241;3514.18;894.23;967.32;3315.42
242;3482.48;604.41;969.62;3216.48
243;3627.04;746.71;1797.68;3625.63
244;4229.70;874.93;1281.30;3109.31
245;2421.27;1179.62;1126.76;2980.61
246;4831.32;675.00;625.48;2777.28
247;2505.31;965.06;1248.12;3431.49
248;3709.23;810.08;896.48;2617.81
249;3334.16;1369.63;2138.84;4101.99
250;3697.74;571.60;954.23;3587.05
251;1854.68;1070.19;1536.15;3567.54
252;3741.52;702.66;941.68;2964.54
253;2891.51;911.89;1158.13;3094.56
254;2648.07;827.82;939.31;3049.00
255;3747.05;970.42;1134.81;3100.92
256;3031.05;321.46;747.65;3204.55
257;2720.68;750.88;1128.35;2981.36
258;4927.63;754.07;891.18;3148.15
259;3262.29;712.64;891.65;2924.75
260;3476.66;714.05;972.38;2826.16
261;2471.75;1199.75;1847.46;3492.28
262;2774.17;718.54;843.00;2825.49
263;2878.02;573.46;829.76;2709.31
264;2978.21;531.59;723.59;2945.77
265;2657.64;944.04;1136.23;3160.71
266;2161.62;1106.74;1185.67;3309.21
267;2253.66;779.41;1326.16;3134.98
268;2348.48;820.96;1230.63;3820.45
269;2962.48;535.73;754.39;2748.41
270;3568.57;537.29;848.28;2743.83
271;2769.32;935.76;1048.62;2508.52
272;2766.14;669.10;1030.06;3019.47
273;2515.12;434.15;969.90;2801.26
274;2630.01;578.30;1245.69;2805.22
275;1766.98;1255.59;845.42;2443.92
276;3101.66;624.54;743.31;2858.06
277;2762.83;552.53;725.11;2469.88
278;2009.61;761.81;1352.10;3369.42
279;2411.65;786.53;749.94;2690.44
280;3165.23;457.56;748.53;2418.78
281;1662.82;852.59;1345.67;2868.35
282;2090.39;843.75;827.24;2903.88
283;2739.60;378.93;571.80;2662.59
284;1692.57;940.44;844.39;2729.11
285;2677.13;821.71;995.56;2918.00
286;2910.17;738.90;1128.22;2634.64
287;2411.45;403.79;565.63;2074.02
288;2887.96;648.30;906.85;2567.71
289;2924.82;595.75;725.72;2975.64
290;1669.28;1135.07;1093.43;3053.90
291;2671.76;585.36;979.16;2595.32
292;1932.69;887.43;834.61;2201.78
293;3008.24;492.27;727.01;2257.72
294;2014.21;706.60;837.80;2552.89
295;2454.97;724.19;1102.61;2566.16
296;2237.30;628.12;1064.89;2427.16
297;2750.09;561.74;637.83;2409.96
298;1943.72;1572.35;773.43;2959.10
299;2490.27;601.21;1183.25;2552.80
300;2164.76;572.38;647.09;2575.67
301;2216.57;1034.33;1059.55;3056.00
302;1242.76;1449.16;1320.22;2291.80
303;2375.85;329.74;771.76;2379.78
304;1659.65;1031.62;1363.18;2316.72
305;2530.26;623.32;582.95;2076.53
306;1469.58;882.99;1138.63;2228.02
307;2576.65;643.81;746.59;2345.94
308;2446.20;310.28;398.02;2122.61
309;2153.74;472.27;722.13;2587.74
310;1908.68;645.03;953.75;2275.46
311;2452.96;683.25;583.62;2425.58
312;1504.29;666.81;609.91;2762.76
313;4303.11;514.06;966.22;2333.65
314;1354.28;860.36;565.25;2300.82
315;1974.70;520.70;747.30;2312.64
316;1290.19;1160.26;835.94;2107.86
317;2334.54;425.99;787.86;2708.21
318;2411.37;414.52;694.27;2187.43
319;2422.56;527.91;662.08;1647.39
320;2317.96;765.13;862.96;2080.67
321;3031.49;359.15;493.74;1804.33
322;2187.38;270.55;364.56;1963.91
323;2012.19;583.95;637.40;2307.45
324;2202.86;632.19;746.05;1919.52
325;1131.55;984.49;901.77;1733.84
326;1862.96;504.43;897.38;1918.03
327;1708.91;705.02;629.25;1947.77
328;2026.88;466.65;699.05;1770.68
329;1892.70;623.60;541.75;1827.21
330;1644.76;527.59;507.71;1775.45
331;2066.62;694.27;490.28;1938.95
332;2931.32;568.02;894.32;2287.05
333;2297.91;687.67;402.13;1846.11
334;1728.91;786.59;654.40;1663.59
335;2063.69;646.10;973.06;2009.05
336;1360.27;471.58;657.39;2069.23
337;3139.84;445.51;398.55;1569.82
338;2102.96;571.12;644.20;1912.17
339;1407.04;649.78;771.25;1858.19
340;1446.43;543.64;349.31;1788.07
341;1660.57;486.95;497.84;1647.25
342;1401.80;632.96;917.00;1716.00
343;1536.53;670.84;758.41;1682.09
344;1908.03;1169.70;791.20;2393.22
345;988.17;736.67;693.58;1504.52
346;1497.17;469.39;561.16;1662.76
347;2271.18;449.21;387.56;1696.61
348;1723.12;388.91;434.18;2009.79
349;1246.25;1234.36;746.04;1809.11
350;1497.67;635.98;754.60;1769.34
351;2054.72;432.84;429.38;1645.80
352;1404.82;620.08;907.82;2061.89
353;930.29;485.49;647.78;2054.40
354;1657.43;523.12;491.13;1790.47
355;1692.08;528.41;406.74;1801.84
356;1509.39;405.25;544.18;2158.41
357;2184.15;494.65;850.64;2396.27
358;2216.21;374.41;532.69;1789.49
359;1107.49;759.10;535.89;1504.21
360;1474.19;514.12;394.82;1610.59
361;1252.69;578.86;546.20;1573.30
362;2570.24;421.19;545.42;1830.56
363;880.37;534.50;379.26;1454.58
364;1587.72;434.97;895.99;1566.47
365;1798.11;399.82;563.77;1402.52
366;1937.29;414.63;389.83;1450.48
367;1589.86;489.56;416.23;1564.13
368;2160.60;337.80;772.77;1734.48
369;1380.09;476.60;633.74;1638.55
370;1264.73;302.49;329.73;1694.67
371;881.44;1007.66;490.48;1572.34
372;1593.88;276.12;344.06;1522.79
373;1759.37;379.12;419.83;1577.46
374;1708.13;371.90;571.64;1685.27
375;1874.43;436.51;702.45;1205.00
376;1088.67;433.36;613.26;1472.29
377;1335.00;488.58;351.06;1586.29
378;1633.72;374.16;306.00;1556.75
379;3117.64;445.08;464.12;1198.84
380;1514.70;298.82;365.06;1258.71
381;1496.37;310.24;432.40;1409.58
382;1229.38;422.45;451.70;1592.67
383;1273.63;382.17;366.53;1254.40
384;1152.60;990.58;887.15;1804.49
385;1283.28;409.52;203.98;1222.55
386;1397.17;481.34;314.14;1483.13
387;2720.20;392.83;448.53;1569.44
388;1225.48;605.74;416.78;1393.35
389;1607.72;224.77;409.02;1330.11
390;1648.71;563.65;659.21;1628.46
391;1253.93;355.42;624.94;1575.20
392;1475.55;434.61;672.68;1176.74
393;1246.59;423.86;438.58;1614.92
394;1051.47;499.82;936.60;1368.71
395;1077.43;490.96;562.80;1290.10
396;1288.11;360.79;451.81;1378.42
397;1714.18;388.86;373.62;1310.04
398;866.47;383.25;461.20;1480.09
399;1252.67;331.48;814.94;1460.01
400;1705.33;331.72;381.25;1435.16
401;1916.57;331.78;332.17;1398.60
402;1610.14;187.26;251.80;1360.62
403;1660.27;391.99;342.34;1152.78
404;1154.91;480.35;480.87;1521.96
405;1311.70;964.06;536.38;1813.53
406;1040.25;497.34;347.64;1113.95
407;1093.37;411.99;396.49;1162.78
408;840.19;976.69;982.19;1887.56
409;1543.26;186.03;338.78;1351.11
410;769.26;566.60;421.69;1353.07
411;2305.74;275.81;426.52;1072.34
412;901.82;637.99;370.28;1126.10
413;1503.52;229.94;536.30;1269.65
414;639.82;460.78;613.72;1518.01
415;1398.16;322.56;398.78;1209.64
416;1484.75;331.62;246.77;1319.49
417;1190.88;235.92;450.64;1212.44
418;1103.51;428.66;481.92;1368.27
419;978.29;407.42;444.98;1288.74
420;1384.11;449.41;593.22;1357.04
421;1067.17;431.23;468.84;1216.57
422;2062.89;333.53;442.51;1131.36
423;1587.73;551.32;370.73;1430.73
424;1428.78;216.92;364.83;1472.74
425;948.74;426.32;329.53;1466.35
426;1718.73;242.78;500.60;1344.15
427;834.17;653.36;433.21;1530.70
428;1378.30;372.54;432.72;967.99
429;1920.05;253.96;295.53;1076.02
430;702.73;760.86;319.69;2362.64
431;1293.16;283.19;923.61;1376.02
432;1169.08;598.52;464.34;1441.28
433;1809.42;393.33;447.36;1429.72
434;1478.77;453.04;404.00;1043.65
435;734.17;346.76;380.31;1219.80
436;1356.03;279.73;249.67;1120.94
437;1398.52;389.66;362.66;1144.86
438;1632.70;439.70;522.48;1917.60
439;1026.45;381.90;248.95;1373.23
440;1101.54;529.78;357.68;1253.06
441;1450.40;298.51;257.74;1113.79
442;1257.46;315.51;399.24;1071.25
443;665.70;372.27;360.84;1343.28
444;630.69;401.59;305.68;974.98
445;2054.05;291.83;205.29;1005.02
446;1090.95;360.07;620.74;1144.83
447;1553.81;236.41;226.24;901.19
448;1138.88;204.01;353.09;1278.90
449;1231.87;249.64;292.44;1132.96
450;1334.08;210.93;229.00;1078.30
451;1470.38;331.57;185.26;1186.69
452;996.50;193.74;270.48;1139.35
453;627.03;532.63;274.17;962.11
454;1103.94;134.56;215.48;2387.76
455;1039.03;435.18;314.72;1143.45
456;957.40;424.91;524.11;1192.71
457;1169.72;401.42;271.79;1061.73
458;650.24;394.73;564.87;1119.64
459;688.80;628.81;703.91;897.39
460;1279.04;265.38;416.71;1057.19
461;1267.63;169.64;260.33;1139.41
462;1304.28;282.14;277.92;1060.21
463;641.84;411.52;354.06;1148.24
464;838.71;495.85;263.31;958.18
465;975.48;291.74;231.42;1273.14
466;1074.37;172.80;139.21;833.23
467;627.65;435.23;391.90;929.61
468;743.76;543.29;494.11;981.38
469;939.83;332.96;282.21;823.38
470;1108.93;199.85;244.61;1274.69
471;1207.94;340.91;204.49;929.44
472;1183.01;194.53;233.46;1090.65
473;1129.14;222.14;255.72;956.57
474;1585.37;317.57;280.51;1076.97
475;1233.59;308.02;225.09;1021.54
476;1353.14;151.40;221.86;1076.25
477;1633.54;219.23;247.71;850.42
478;1029.37;243.26;245.64;979.29
479;1108.56;221.17;288.81;967.65
480;1190.73;206.71;310.82;1002.13
481;1041.91;219.89;346.67;953.58
482;906.40;216.47;457.63;843.03
483;961.59;284.36;324.69;1050.12
484;1052.93;265.84;257.49;950.74
485;824.25;307.45;308.79;832.52
486;744.61;216.66;309.32;1139.56
487;1023.21;177.60;285.70;1118.35
488;917.45;277.76;193.59;952.70
489;1112.35;225.74;430.86;874.48
490;360.26;354.12;332.34;820.87
491;1182.47;200.52;276.74;920.58
492;419.33;656.09;317.23;960.90
493;1155.89;274.88;187.90;965.65
494;1186.04;180.59;166.54;794.19
495;678.83;601.93;347.98;1011.51
496;815.02;139.78;134.02;899.33
497;865.26;508.33;455.83;862.42
498;1271.67;205.92;265.32;766.21
499;1102.64;266.28;275.59;781.91
500;943.18;212.39;409.87;976.39
501;1255.06;179.90;280.17;813.67
502;977.68;343.35;305.46;905.82
503;885.45;313.34;290.37;803.15
504;583.96;238.71;726.53;892.95
505;1027.67;234.07;548.76;867.36
506;871.59;309.16;356.36;779.19
507;1019.61;190.38;269.30;753.23
508;907.46;209.72;135.80;693.19
509;878.97;173.79;200.31;971.81
510;898.09;277.87;504.55;943.50
511;652.38;226.80;197.72;909.72
512;1226.43;193.55;177.51;799.37
513;475.99;522.24;342.98;779.68
514;939.05;177.42;162.22;798.22
515;689.59;363.87;194.38;1041.68
516;785.44;338.61;287.17;974.60
517;951.91;176.87;258.07;1582.96
518;593.83;351.25;345.20;1004.89
519;607.16;278.67;304.47;807.93
520;820.66;252.45;456.36;1018.03
521;725.91;419.88;325.39;857.95
522;472.39;308.60;365.10;726.88
523;713.70;381.52;258.96;811.83
524;901.34;340.26;430.22;872.89
525;1239.02;115.45;261.14;783.21
526;1061.71;331.29;274.18;940.18
527;905.01;170.27;269.76;892.42
528;714.35;408.20;318.52;902.03
529;454.20;334.80;257.39;1007.51
530;893.58;209.65;300.99;816.30
531;956.05;249.09;178.50;672.57
532;875.49;337.25;181.32;772.61
533;845.60;176.58;144.70;889.86
534;934.10;174.32;168.15;890.41
535;722.40;202.16;220.66;784.13
536;811.95;350.45;317.11;1076.34
537;1166.85;219.02;225.61;835.84
538;809.60;368.32;281.72;859.28
539;669.57;156.52;308.60;748.04
540;600.82;476.02;240.46;851.25
541;968.06;157.36;174.89;749.04
542;769.51;319.84;204.55;650.18
543;865.79;262.22;232.66;633.97
544;972.18;166.10;298.48;758.22
545;969.48;212.29;264.84;747.03
546;680.75;235.29;168.24;688.18
547;984.45;110.14;158.22;830.19
548;756.51;110.85;207.91;824.92
549;465.99;414.48;260.91;886.50
550;809.77;770.49;397.54;1045.26
551;1037.67;173.36;156.31;643.09
552;756.81;176.92;276.19;817.91
553;964.65;172.88;219.23;695.69
554;719.69;206.13;222.84;813.04
555;751.43;203.90;266.20;694.64
556;734.16;318.35;308.64;987.97
557;991.31;203.75;288.95;838.18
558;437.89;150.16;223.20;816.91
559;626.86;176.73;420.88;644.04
560;829.30;128.22;325.01;722.46
561;1043.42;187.59;146.88;735.35
562;825.62;156.11;188.94;638.01
563;388.80;184.45;198.35;685.06
564;431.20;474.85;220.74;878.19
565;674.54;224.85;251.05;699.38
566;508.31;196.75;127.96;779.08
567;415.71;162.45;260.47;720.68
568;921.18;147.37;204.31;734.81
569;738.48;142.80;176.29;675.14
570;999.26;199.34;303.73;739.62
571;776.52;95.35;99.88;505.81
572;678.21;172.20;259.67;908.29
573;1010.41;124.18;87.54;717.54
574;842.34;172.66;111.65;650.04
575;799.90;236.86;179.56;719.54
576;1087.44;123.90;144.91;505.77
577;781.35;253.31;311.49;785.89
578;384.10;308.98;323.49;534.15
579;641.73;221.20;326.77;493.55
580;949.71;196.33;286.86;529.22
581;659.70;110.84;206.47;646.00
582;561.99;255.20;320.99;608.85
583;482.61;312.06;240.64;617.81
584;565.86;70.04;125.24;497.11
585;625.06;217.99;265.22;753.68
586;757.71;58.67;153.31;668.41
587;288.31;166.91;281.48;573.55
588;675.54;149.35;215.66;567.73
589;648.15;289.29;324.41;635.40
590;713.89;194.38;90.11;587.63
591;702.12;208.43;131.49;678.82
592;468.87;255.77;378.44;694.02
593;1046.45;186.48;150.67;605.25
594;424.95;195.69;174.33;525.45
595;675.80;145.38;212.97;576.15
596;744.54;188.08;276.83;624.49
597;589.23;155.27;292.57;740.35
598;377.69;416.40;306.05;605.14
599;372.32;233.54;169.80;540.58
600;646.34;195.41;106.38;568.40
601;627.28;140.80;177.79;652.70
602;769.76;152.37;134.94;473.01
603;661.97;89.40;85.58;490.73
604;570.82;150.34;116.03;532.88
605;407.85;191.13;216.39;609.28
606;541.93;156.77;182.12;589.61
607;1049.29;144.64;196.45;540.17
608;439.91;185.23;110.16;608.12
609;552.39;174.84;54.51;480.98
610;556.75;104.66;105.44;562.16
611;773.96;120.37;227.44;507.18
612;372.53;263.66;180.75;591.49
613;506.39;122.99;163.18;609.19
614;574.50;64.93;120.12;524.20
615;779.48;170.58;288.90;645.09
616;340.28;245.03;225.45;595.27
617;527.32;248.20;242.89;658.60
618;641.90;226.27;86.40;596.46
619;599.85;155.99;155.89;541.07
620;493.51;129.17;178.11;701.35
621;701.72;169.55;86.47;513.90
622;534.06;57.55;137.79;1522.61
623;420.71;90.33;145.59;616.69
624;576.64;87.05;105.22;513.72
625;516.85;129.04;128.99;439.92
626;606.70;108.77;110.72;365.97
627;581.76;130.80;125.28;508.98
628;381.04;190.14;254.81;535.10
629;547.50;65.64;144.44;746.67
630;470.88;106.00;164.63;507.18
631;648.78;84.79;126.14;435.03
632;438.79;290.12;159.40;633.66
633;490.15;187.81;168.74;434.42
634;771.15;54.70;115.23;436.14
635;513.77;69.91;100.50;496.22
636;642.04;164.04;122.43;418.94
637;464.23;155.54;162.00;596.60
638;624.57;149.30;139.91;637.74
639;338.16;123.46;158.87;480.89
640;529.75;148.75;189.85;548.58
641;622.51;119.95;99.31;413.67
642;673.24;149.76;136.70;614.37
643;682.64;95.23;119.91;502.49
644;606.49;78.47;108.27;369.58
645;399.78;264.73;204.23;545.84
646;504.10;94.42;234.03;509.21
647;729.69;75.12;114.78;355.40
648;581.65;135.62;178.99;391.91
649;553.74;161.88;343.37;430.35
650;422.61;83.59;236.04;568.80
651;451.94;75.36;185.94;578.37
652;494.53;119.40;184.58;428.44
653;508.35;104.68;85.70;417.17
654;235.62;104.83;105.23;492.28
655;420.59;109.99;195.36;531.33
656;476.57;133.19;178.29;322.71
657;468.36;59.89;157.80;427.22
658;621.68;90.38;59.98;416.80
659;385.66;55.64;130.40;440.89
660;400.77;76.49;91.32;1031.92
661;435.11;119.91;135.55;449.34
662;569.04;35.45;161.68;445.45
663;401.61;115.29;130.84;440.13
664;460.41;149.11;166.94;475.45
665;304.76;116.56;68.22;425.77
666;620.05;139.69;114.21;363.73
667;510.69;75.31;175.15;295.98
668;209.78;105.24;89.37;364.50
669;453.07;103.25;111.12;331.59
670;461.26;64.52;94.04;318.20
671;328.31;134.92;178.63;353.05
672;369.98;83.50;84.69;329.96
673;438.42;50.48;186.39;358.20
674;232.96;30.45;105.83;350.85
675;152.80;213.85;275.05;290.26
676;422.60;60.21;65.02;294.19
677;265.69;150.78;150.48;295.46
678;415.95;44.49;49.43;181.29
679;122.83;90.62;74.30;269.38
680;159.50;21.17;58.28;200.14
681;84.77;163.72;94.41;329.06
682;119.16;39.66;99.08;237.98
